mu,sigma,draw
0.0442045377085721,0.4928524925644156,1
0.062375759500803526,0.48956135931822975,2
4.469643180749301e-4,0.5160547603244092,3
0.012564179008563147,0.46046850302110526,4
0.017422659234670713,0.5223332186905594,5
0.03995554508597182,0.5058520463820374,6
0.022352696652060695,0.45563054902408434,7
0.024729713026849433,0.47615715332929714,8
0.006156339246538161,0.4746849503059509,9
0.035174422846895044,0.48004401360415244,10
0.01008832247395179,0.46906719116073453,11
-0.015241086250378798,0.4820613327342095,12
0.009872276953441887,0.48588564983260696,13
0.011527450631693166,0.49752642672075076,14
0.03813643448023672,0.4896212215910163,15
-0.00568715667587591,0.4804950141222516,16
0.04412454491240311,0.4944978045544706,17
0.023120799984204805,0.49275084237886624,18
0.0013988930961460373,0.5080035278310313,19
0.03594487301228442,0.49627149087025174,20
-0.010984299878315654,0.450957880969367,21
0.030770410619080108,0.48111221528838227,22
0.042104279556562756,0.45985308465018815,23
0.026484110596175076,0.4790768419485935,24
0.0039471611920934005,0.5014659982395695,25
0.028888653794329314,0.5014540714903196,26
-0.0086689466523256,0.48282244961576776,27
-0.006399626837579124,0.47373659712776905,28
0.009971585391081252,0.4742540724392709,29
0.02658046844431693,0.4881539465909138,30
0.028497773881201078,0.4951066589754625,31
0.014516094613388653,0.4996634433857865,32
0.029856335052563493,0.4898537649232664,33
0.015102553239012705,0.5065509771140537,34
-0.017351186264050154,0.4779561184187267,35
-0.0024931908140860665,0.5010549918828773,36
0.011806788121789834,0.47719673474033375,37
0.014444751599586038,0.4676555868457338,38
0.02081951871564288,0.49918676725673694,39
0.015817329709483602,0.4794676788970457,40
0.026243582917963568,0.45864414878953225,41
0.0038557953887512634,0.49628509629184897,42
0.004187403796298518,0.4910086223170308,43
0.02166737005039633,0.4911483255390975,44
0.03662851232203579,0.5133137196944234,45
0.010184299272897355,0.4616548146488123,46
0.023580954767088456,0.4909704177062039,47
-0.0029188971886818793,0.5177199044141455,48
-0.0026928039194571967,0.4765048663069323,49
0.0026134012827813066,0.4665491019509974,50
0.018283853070682882,0.4819063459529113,51
0.0018548743132137482,0.49405417479157215,52
0.022175861216124075,0.4918820887034962,53
0.021806694969234465,0.5093863013177922,54
0.05615246882866429,0.49472440884463403,55
0.023051276757701727,0.47247068251196156,56
0.02504703074097609,0.5121594589338793,57
0.02860252295962823,0.4795865291635431,58
0.02488982296943079,0.4965409832558963,59
0.013553937781643561,0.5013834901295681,60
0.026570675248855227,0.4835288140566551,61
0.012529003222983833,0.47119677808401955,62
-7.279391380841699e-4,0.47819205913258467,63
0.05357130626703132,0.5080857965352151,64
0.007272139533951824,0.4701351933939961,65
0.016876817842876406,0.4877278613463334,66
-0.03598501545452364,0.4946341643290212,67
0.03260842011716898,0.5064510797002539,68
-0.028661640427788702,0.48963374950743394,69
-0.014668398371412839,0.49545697325675814,70
0.018304613163860093,0.4834593927613211,71
0.008406795915046658,0.46354055583090453,72
0.009095466044245716,0.4855494634098466,73
0.018787132113540186,0.4907889980734982,74
0.007798270862248787,0.4776982747117479,75
0.04321339660321886,0.48688480088367375,76
-0.018467366883282696,0.5081640559065572,77
-0.018872504527776685,0.5088329383343313,78
-0.0016881387441470544,0.4839237708738205,79
-0.002755005030665087,0.46866584774887676,80
0.030606232016783762,0.48811071104907544,81
0.002596909173959018,0.4849950165759504,82
0.025780797059712517,0.5108362625740388,83
0.006683621874325238,0.4777613215104165,84
0.0042323422048652975,0.49543936067972655,85
0.0014987305582344788,0.4891423351566221,86
0.009992943613966344,0.5181812100293736,87
0.006643523839282378,0.4803372653135132,88
0.023619805535197894,0.4809691080574854,89
-0.005552477302771414,0.49033388954573925,90
0.02260434518650901,0.4669634373049363,91
-7.932629285896326e-4,0.4600113613790015,92
0.011091519417758905,0.5019171349328932,93
0.042157422969230904,0.5320912517637023,94
0.022374365295490802,0.520448553554167,95
0.004299031548307825,0.47771964448452026,96
0.03376319576598946,0.4888965238490394,97
0.01130417158863467,0.4648473601637041,98
0.014892287645128767,0.49009722624116414,99
0.05438289610410794,0.4947252149396795,100
0.0428290384811556,0.48916702804372963,101
-0.0076642740839941124,0.47590811439175673,102
0.03939728327757033,0.5119573441612396,103
0.01427404638884876,0.4841051931006873,104
0.011831313243929335,0.48507284859790023,105
0.021177822407108898,0.49258037884454703,106
0.04554683128528568,0.49684458110199664,107
0.030808048168421573,0.49932518912120094,108
0.015268556672779062,0.48927496633893663,109
0.0474912665296679,0.4744697038095766,110
0.02128978831912453,0.4687064604634274,111
0.04192555093506341,0.4828135622364906,112
0.00871808082154799,0.5217471714006349,113
-5.638315107936782e-4,0.49613268326586163,114
0.02229326722340808,0.48798841743258603,115
0.011780751863281234,0.5002459445961539,116
0.029182317178693667,0.47354408536825526,117
0.004193065696061692,0.5227999509827412,118
0.03111346040492935,0.47112122361787034,119
0.012176673012627006,0.48632164902331393,120
0.029000238265881627,0.46945288158512827,121
0.022718014068619004,0.44875818922825816,122
0.013382362651862609,0.47711410404754584,123
0.06731756109952058,0.5131769401616805,124
0.026163403274589374,0.4863920705540428,125
0.020688693771511786,0.47481476760533564,126
0.01517484761126031,0.4863838838856772,127
0.01505315672056052,0.47566016664983496,128
0.01749069706077927,0.4825705837555228,129
0.056188420462235524,0.46958292246615724,130
0.006640126292746863,0.4971346662740979,131
0.04963497927799452,0.47594519371147503,132
0.03666037533518938,0.48871161487417836,133
0.02863535512752581,0.4556739372102227,134
0.0010688404850170525,0.5225606559680318,135
0.007044511445174069,0.48788159101837353,136
0.028195597195564102,0.4807726130760981,137
0.03031517666258479,0.4711672203043171,138
0.02024866552198456,0.4706983090456368,139
0.015714533899448834,0.4900415824182339,140
0.0211841912386377,0.5120281765786331,141
0.02188264203009814,0.5078495909248688,142
0.030520228624553218,0.5115277301605495,143
0.021825465300446593,0.48954754335078454,144
0.014255189240102209,0.48718784590664094,145
0.04094075803089611,0.5139381106983769,146
0.02100573128729266,0.4651115844779135,147
0.016971841203106672,0.5005009346967775,148
0.020261855388835886,0.5067325667705432,149
0.029267742050740498,0.45505613605387996,150
0.03726866833368288,0.49770241316439834,151
0.011791221948854652,0.5059466465072443,152
6.889746948426246e-4,0.47950172622227866,153
0.010311496560535614,0.4944582512325649,154
0.023795486086434,0.4948540533432341,155
0.015571923709496902,0.4744046762316085,156
0.01525804168008419,0.5019716922495447,157
0.0035920953008492596,0.47056410649483504,158
0.004038498177435174,0.47708639758964677,159
0.029875675144421555,0.4902825718667881,160
0.02414839318932731,0.4925724400826742,161
0.03436719376000956,0.4843869344067951,162
0.04509876509131239,0.48068323751764497,163
0.0282241413699656,0.4723122182761108,164
0.031196048929284667,0.48229542613437404,165
0.014012805134199734,0.4930896651847916,166
-0.004778343009854632,0.4857567298759008,167
0.037309615968106266,0.5084012649045984,168
0.029112017334453035,0.4892278163994502,169
0.038208391965834,0.5011570136572678,170
0.022432490310104962,0.47859999004135045,171
0.007297150968585395,0.4878905842743062,172
0.029994410234426505,0.48470592465623225,173
-0.005218292254168232,0.49496681002329573,174
0.03192610757580448,0.5067565733660371,175
0.020314396228741927,0.4928023015933373,176
0.05551553474234309,0.48320342773242986,177
0.039085384328507514,0.482703223801745,178
0.019774869171502053,0.4773436448103917,179
0.006168486448479901,0.49374938358920095,180
0.014717819342634723,0.48667173662188984,181
0.011142527080676121,0.48625440548612625,182
0.03547075056349733,0.4778038933644407,183
-0.008138012657158012,0.47400768818926314,184
0.026963925327635307,0.4707282458281008,185
0.0257060811555276,0.45973847190945,186
0.01025557931157116,0.49953551496430343,187
0.027143098459279955,0.4804948680547412,188
0.019163555887321767,0.48918833347296914,189
0.024078235717174098,0.5043678088257103,190
0.01038901812938818,0.4838205145326342,191
0.01694890619966997,0.476068906025758,192
0.021510906914616768,0.4915482437879032,193
0.0036877175865177147,0.4973863888800295,194
0.002725435370377816,0.48409936207920085,195
0.015667525226036164,0.46985208609548335,196
1.132156945385275e-4,0.4890389398860866,197
0.017807807922303215,0.4755589879328043,198
0.001682170621953461,0.4935921579061614,199
0.03609551614396074,0.479139107890978,200
0.003944302170589291,0.49118229124759255,201
0.017566975374476122,0.5127419362127493,202
0.002458469690705828,0.49799512762346626,203
0.0426864161375715,0.4895182599547093,204
0.02461104463115994,0.48431446047006094,205
-0.0021031417322791074,0.4850480293662527,206
0.0395430118133323,0.5024267586640789,207
0.014312529662448609,0.4738525983632453,208
-0.0012998552274380874,0.5157410495434568,209
0.027107650395977834,0.4859976942177757,210
0.01498401247746402,0.4848293552025337,211
0.037182380398898686,0.48520896938176167,212
0.021239548943500306,0.45381160474892035,213
-0.018074381992008098,0.46853834275014405,214
0.03874335161000859,0.48730450154650967,215
0.0300695483926622,0.4820727469668186,216
0.03388931617853541,0.4828262161926072,217
0.015738328311681683,0.4894123160813464,218
0.058930074209576314,0.49932522584462324,219
0.05018183950784348,0.48783066115500817,220
0.012546784715250604,0.5031900066701535,221
0.0070337418781407845,0.4693663839827594,222
0.03068417688398413,0.4978874375636078,223
0.025447895562497203,0.4829614977967806,224
0.03545368117244206,0.5033858393479873,225
0.004118756113907104,0.480773211683555,226
0.004903402786536034,0.4796383489218498,227
0.027895506051989646,0.4919874118061303,228
0.03515735192538569,0.503522206043734,229
0.031071641785775476,0.5019571638826655,230
0.012175389928825827,0.49778092863899703,231
0.015334514237939245,0.4815169324440341,232
0.033094168634822445,0.472332787679591,233
0.023497742171798394,0.5125799747464267,234
0.026427202675507293,0.4836864052146237,235
0.009584000803686477,0.5217343878204128,236
0.02353901307822229,0.4768627743562011,237
0.019498411929179636,0.4847273579337876,238
0.01692052274116156,0.4806665572468966,239
0.03419452089094271,0.5074796881425815,240
0.01777227995491878,0.48871711834621107,241
-0.010604496622752738,0.4712990562326145,242
0.02569489241145484,0.5075127118337844,243
0.01351630019351061,0.47594332364117076,244
0.02507007800440925,0.477859992105374,245
-0.004410960572976864,0.4641911514262552,246
0.0013220476196757875,0.4977807812319419,247
-0.00421429490388759,0.4511657358279233,248
-0.008228334413686518,0.4836285619239398,249
0.034001398646019525,0.49597635455702155,250
0.006009367950848473,0.5012750104926651,251
0.025847600306867915,0.4659676668888331,252
0.03945769379866465,0.5163219328450703,253
0.013981427126220362,0.46311231029379757,254
0.04738787986750508,0.47907798550108943,255
0.020284629739682033,0.4979133879531904,256
0.025380784936980347,0.49527639560298675,257
0.015591484037660011,0.5201724119096403,258
0.02596596999731594,0.47761827746929897,259
0.01304929669483068,0.5382998993796495,260
0.01944994077199607,0.5035952781258269,261
-0.0033155337127783436,0.4680506771100514,262
0.036606794449888215,0.4639510850705878,263
-0.0010913822462906893,0.47715948882947196,264
0.011748775531027801,0.5070634463845856,265
0.02485654125149097,0.4908856183464796,266
0.0017560688152176958,0.5142831105467585,267
0.01390133546287851,0.5132875186456143,268
0.025380799306481613,0.48568921825106043,269
0.02045194141187872,0.4834608160324186,270
0.017113967415555032,0.4741064508266133,271
0.026364284687536238,0.46693674237473165,272
0.005977579369771148,0.48112017495925397,273
0.03133637368122982,0.5207558197385754,274
-5.699924489953288e-4,0.46494580016288684,275
0.01924366453521763,0.5274444078966893,276
-7.21059130513577e-4,0.5081511970537695,277
-0.0020208410043236705,0.4979599277680591,278
0.032171078005723615,0.48678648001278113,279
-0.014037257259555324,0.47012621676892663,280
0.042886775368091816,0.48356218052885497,281
0.0677243537097432,0.5087721756244573,282
-0.0036505943693668414,0.46725273443483256,283
0.005135051510271353,0.49964072687116784,284
0.0016307104303263128,0.4762015381426457,285
0.028609875349105623,0.46451351300549815,286
0.0018458331186676936,0.4921171280048658,287
0.06260728812629499,0.5094545168476158,288
-0.014117816629762027,0.4934492503235992,289
0.03590684499423598,0.46444408645020224,290
0.01472470478737056,0.47182734492535283,291
0.010835855146901694,0.46446106994710956,292
-0.008453978571463044,0.48303142447055875,293
0.028853518624966632,0.5007075059060979,294
0.025120426030381594,0.4879764481482163,295
0.02715796592197249,0.46418155921636434,296
0.012257279722955598,0.48669282013220566,297
0.016911012413488587,0.47748385747412636,298
-0.002871047409687969,0.47135860128096196,299
0.003818503041431983,0.4993768979442812,300
0.01718249414229582,0.4723128547745498,301
0.02783778545691502,0.44801184795816945,302
-0.001424048640040673,0.49374773304043673,303
-0.004017285313414725,0.4756574262081875,304
0.01566921605943127,0.5161268016945745,305
0.027219677814546227,0.48741175345761073,306
0.03007637749310826,0.49830872408347565,307
0.027628100257876615,0.5035754963114104,308
0.019189742581072797,0.4571018025751226,309
0.011196789343192173,0.504977054295568,310
0.02338518699410207,0.4953796461662916,311
0.041308877510193784,0.5327873308037206,312
0.02936002049922936,0.4716568559831272,313
0.03173843873900121,0.4871218446220043,314
0.06195270189104631,0.48607229349089176,315
0.006403282302652353,0.4874783142451601,316
-0.012676909597570552,0.48712082804096596,317
0.009311577243412519,0.468576891466754,318
0.005879223283281021,0.49962635718216375,319
0.006901299648141313,0.4972959732967452,320
0.0030426402069179456,0.4812290545283204,321
0.02752402041299988,0.5060548485964407,322
0.0071358546096427986,0.4828742859917878,323
-0.005632979589411927,0.48224339391744286,324
0.005244580679808746,0.4898075131402033,325
0.026357484171425107,0.48634692104352223,326
0.026869789611867943,0.506518326157493,327
0.022018971773558577,0.48136405351732353,328
0.04955900714595123,0.4726039418324276,329
0.01389401403378975,0.46446582762216077,330
0.02135224277835324,0.48873269432470157,331
0.01740829145232218,0.49820983892278486,332
0.0025666089413920374,0.5033879284457445,333
-0.010098772785937743,0.487864864139156,334
0.03533812625012578,0.5084190461775391,335
0.04966814554777095,0.49080553687191164,336
0.006516221446281336,0.4931290945737348,337
0.004729949522761001,0.5090691107101636,338
0.013419565376131887,0.5030816684084295,339
0.04978140688204322,0.4763067157694678,340
0.03608881566764921,0.48151949478975076,341
0.03530038396746869,0.469126479483315,342
0.02616923905456569,0.4811566139796841,343
0.002362894333811438,0.5029313674851325,344
0.02361526926002292,0.4839340715422595,345
0.0575779765974511,0.4820799533458919,346
0.0460533301083769,0.4845723924075131,347
0.006680539120740646,0.49119127505648014,348
0.019824647778729956,0.5043136029206963,349
0.028003778561610383,0.4926182436558006,350
0.02324885303677861,0.5157312499238561,351
0.011029096086221093,0.4634066888918086,352
-0.009720499731361904,0.49213117224228703,353
0.008814586070557701,0.48993404409743363,354
0.0160846416294759,0.5145354598023348,355
0.010805773404751435,0.4824180846885283,356
0.020297667855702382,0.49428987382856265,357
0.012873213750623756,0.4861102556090568,358
0.009575984806904296,0.49771975400262153,359
0.046937188897159664,0.47712663439036773,360
-0.0035657690453274812,0.46480692019576114,361
0.024668272191316117,0.5017995497569749,362
0.02792136932900944,0.47529995967150496,363
0.0403246260430629,0.4870382631505336,364
-0.016917712498656638,0.49175866284020536,365
0.042994378381759124,0.48232966308742714,366
0.02686790148267086,0.4957474938281871,367
0.012799085301159514,0.4734939852184747,368
-0.006783456477055711,0.49000395698705307,369
0.04903816834342121,0.47515740562600184,370
0.049690988198532134,0.4884774219711029,371
0.0281105865483724,0.49522043516717523,372
0.03395097259516656,0.5048134271224204,373
0.05368646751008578,0.4580320076374072,374
0.06125546554135615,0.4716014457572266,375
0.019909658677229564,0.4542865379951692,376
0.04089055927572496,0.5009217981544944,377
0.02813509699652514,0.4740060455930766,378
0.02336325489609308,0.5189770642461576,379
0.029344683671440622,0.4869808277214861,380
0.03038943471203126,0.4838366172569345,381
0.021703617935528465,0.5144863431781449,382
0.020822370264172912,0.483242750118515,383
0.014264439884327747,0.48055245183055456,384
0.027891944798926472,0.4986775892492617,385
0.0024717318309565584,0.5243520055019846,386
0.05000101364365441,0.48299045953020125,387
-2.508136065452031e-4,0.4911405887100897,388
0.02427388244946637,0.49233946887159347,389
0.03013072524442256,0.5107558616002962,390
0.024651266104213698,0.4614355994916602,391
0.004182224955456365,0.505422696109608,392
0.03616991955654335,0.49720078815304364,393
0.0018872415610439583,0.4831346273152433,394
0.024193744676376628,0.46918806225099846,395
0.010955820555417347,0.5022775402543999,396
0.042954143120202216,0.48910628851493887,397
0.026072557366064664,0.5014622918268972,398
0.03852244642978192,0.520198646732042,399
0.03088628347251711,0.4815906595967001,400
0.006758438870156304,0.5120044297641788,401
0.03360901125594353,0.46175872893527065,402
0.01503804674366814,0.5057634439959244,403
0.017613285499442587,0.4915555111429019,404
0.003290311519459191,0.49714310996009786,405
0.022278587888990103,0.48757364334098124,406
0.021383746531064906,0.4717516913692941,407
0.0340499885212362,0.5046593101007025,408
0.014805510459344785,0.49232604928068274,409
0.0372918783402254,0.5000919742431672,410
0.03667743557969923,0.48682985159005165,411
0.012701327541477517,0.4629512821039261,412
-0.001636574622046228,0.4645648833122971,413
0.017789641931254995,0.4982383547515234,414
-0.0017365975470397688,0.4916631344766746,415
0.03454349557365246,0.4936652452299135,416
0.033720106944182066,0.5014338519173412,417
0.002024793212510103,0.4884511975089055,418
0.01498047497528834,0.46778442997135167,419
0.0331984522143307,0.4793410808006402,420
0.052746281268077,0.4942738940523586,421
0.01040189672479475,0.46641404924049773,422
0.008745554603705416,0.46018932424360093,423
-0.006565021802803564,0.5231290210727683,424
0.024188032553764373,0.5104504623032443,425
5.082500124290028e-4,0.4923062756660117,426
0.04112372455864555,0.4788321154478652,427
-0.0015368988464152331,0.4818861672131821,428
0.01310692643265622,0.4939884676505499,429
0.005826913802029092,0.5161808711956277,430
0.024660135226205998,0.47280235687618566,431
0.039033667519566745,0.48506930914740565,432
0.02696903664321977,0.48792317346361525,433
0.01261359670357001,0.4986368192149319,434
0.04151947236240143,0.483969198184834,435
0.015151142754835416,0.46629812375696345,436
0.002609106184455136,0.4795261120623595,437
0.024193461740386498,0.48289668846076694,438
0.010873237546508242,0.45403676828646533,439
0.01232251237792956,0.47797307965259483,440
-0.006619531946706765,0.47031135231707455,441
0.011363908931390604,0.4897823968371625,442
0.00648541066609653,0.4785426857102131,443
0.03003720821340985,0.46830494660321276,444
0.011839996833952026,0.47946297789879927,445
0.01691750338567598,0.49481774673548495,446
0.02620255555215142,0.46630908097044915,447
0.0042074277898402086,0.4825391930296131,448
-0.0023891311211492374,0.5193939566241421,449
-0.007740588206358632,0.4879157403509637,450
0.041511726145399976,0.47951249947044305,451
0.024988510947368845,0.47320179065386725,452
0.03140586604401573,0.5021331414142091,453
0.0537722582552521,0.4723388616428517,454
0.02168333067503198,0.48850832008977607,455
0.018172859401896772,0.4793322785415321,456
0.012499626535651825,0.4566721205351307,457
-0.019263912273206625,0.4894703142121398,458
0.018740453422292785,0.48088950266853425,459
0.011944852518710867,0.45613764666554557,460
0.010157192845144342,0.49695301115435847,461
-0.010112610176308334,0.48946598713809775,462
0.015434760291815947,0.4655593306051568,463
0.0019875321652257937,0.5091710292328082,464
0.012962042556195092,0.5096197259843926,465
0.030566101404928818,0.46982252068004476,466
0.015079206917168134,0.4889290235520798,467
0.014511267316920541,0.5265661254410045,468
0.036848411970604095,0.49151826613345395,469
0.03165754287516643,0.4817673005866461,470
0.03702327546141895,0.480754011263147,471
0.010857284111209571,0.4849821159494147,472
0.03122071696873104,0.5179445883507763,473
0.015655085567488056,0.487606752163819,474
0.025884149346229388,0.468699611851166,475
0.033306676886927455,0.47262355089612157,476
-0.005086773659598923,0.5113000500447165,477
0.00974840536504986,0.49940386025737155,478
0.039037906256925096,0.4865888013930013,479
0.00563039253682419,0.4916105861655192,480
0.02650236850311865,0.468866048978067,481
-9.925203994545374e-4,0.4687945905149553,482
0.021733616313845516,0.47404563983595116,483
0.02481865844853052,0.493275058446125,484
0.018999511658005373,0.46175702374475525,485
0.0435558172951861,0.47284498148541715,486
0.03571933006176214,0.47542543428003253,487
0.01949623872138134,0.49719581258389106,488
0.01554479979647267,0.4939414982603966,489
0.03459765450508218,0.5043913991285799,490
0.04778999946831576,0.4862054167369737,491
0.04039803069478499,0.48487630007882465,492
0.052645559950719234,0.4933984521512235,493
0.01453284858345076,0.4899941057642355,494
-0.012636257334337656,0.505952694033413,495
0.011689033709863952,0.49149855340109116,496
0.019761179705863333,0.4706781597507885,497
0.02725259329873409,0.4846816056372873,498
0.004229069451044981,0.5192248417568616,499
0.021220453532457575,0.49928195701757133,500
-0.016633285011621556,0.5155523884432339,501
7.927251090195323e-4,0.48053706230783283,502
0.018512328867823065,0.4696667625951418,503
-0.0010160366654128356,0.49550299787233293,504
0.0031668884568401877,0.4892173257549995,505
0.03413196901448367,0.5051948777245985,506
0.014221665350558564,0.507970192169821,507
0.0220522475908777,0.5087498579052216,508
0.03218495822763998,0.48587119706675214,509
0.04585358842300287,0.4952185335113852,510
0.013548632840981224,0.45982328186934107,511
-0.012400309199549344,0.500285719200979,512
0.005385476122904832,0.4807839760402347,513
0.015445202166872452,0.4989825889598436,514
0.01086740388170038,0.4712850155588508,515
0.010877882916535606,0.5010160114214147,516
0.005953226646276006,0.4758269434485723,517
-0.0040531409335668915,0.4792969709758017,518
-0.01656224865532624,0.5018017475872013,519
0.01676628064426071,0.5096412746342386,520
0.029405262239277002,0.5287767727862612,521
0.007698669988654052,0.49397582375874355,522
0.021951845029685203,0.49766775700602867,523
-4.960384479590738e-4,0.46875076168236024,524
0.05924346471010036,0.4866941973870916,525
0.03291337913487401,0.4864789071475937,526
0.03513243482342579,0.4595182967375843,527
0.0199150184051465,0.5003523397756008,528
0.005082092887884823,0.4791935369706897,529
0.006020164237137149,0.4937354672421535,530
0.003923625458390298,0.4895310430525777,531
0.03465954985055251,0.49003929054739775,532
0.009342433386171337,0.4852787991705677,533
0.0552665526912684,0.4793343691173985,534
0.013777196948864465,0.5018457700062278,535
0.00942221257117275,0.5070194210672578,536
0.010804258268197033,0.4859336983992122,537
0.019963260252573035,0.49950018051442885,538
0.01691880938077388,0.495323740484315,539
0.020952597006539744,0.4830293190072179,540
-0.00837860993703346,0.4942359278009088,541
0.028404190645968826,0.47624906880961915,542
0.00956308039560403,0.532885937578961,543
0.01716513272198599,0.48836194276283185,544
0.005341174092012196,0.5011563598566693,545
0.014558762090260953,0.480008558461152,546
0.011824404173634508,0.5024434823360876,547
0.018233022078259064,0.475584862544079,548
0.02113307871004509,0.5011235856155306,549
0.005195794012249625,0.48186924774150575,550
-0.0021341468039145855,0.48250000282013117,551
0.034860653112138935,0.48318052074229917,552
0.040197288015779827,0.4726685013879035,553
0.004430650847294806,0.4878837290728225,554
0.01976635805698443,0.4799048231114892,555
0.0349948725466356,0.4776837369925887,556
0.034565880098655494,0.5007389564487331,557
-0.010979366519247932,0.499659104754621,558
0.02723975040149607,0.4516518165188451,559
0.016485616045469387,0.5063886584000019,560
0.007570361458898804,0.46208135111479065,561
0.008227924053791316,0.4827779520707479,562
0.021060512095905523,0.48862164942896885,563
0.018372847400424604,0.48162729802194504,564
0.024470839871407305,0.46007910857120166,565
0.011433244747099076,0.5118105634232858,566
0.0011006619242055291,0.4873887874410525,567
0.022747478216938642,0.49647779630060457,568
-0.0026500962256535174,0.502754746339248,569
0.004388133592369243,0.48583803050478214,570
0.03436410861857945,0.48127836540246705,571
0.027262777683514275,0.4791847488936623,572
0.024258161492522332,0.49158758970376,573
0.027057063146518893,0.5017646972471936,574
-0.010938039380296544,0.48893355756326756,575
0.012609683226678315,0.47681110695763274,576
0.03239298657919774,0.47368330425270117,577
-0.019549523938414793,0.5056931021065701,578
0.023043210904065557,0.5025330341793763,579
-0.0015059927284982438,0.4781026082992697,580
0.027328388423681408,0.49846385550425976,581
0.04296681210790755,0.5056904127456984,582
0.02788312270986329,0.48164688441285713,583
0.011791422163497246,0.49383343572799016,584
0.022921635142387847,0.4869849058938808,585
0.01072842662445854,0.4739657948768358,586
0.036974450115622344,0.4708321753726057,587
0.03565172259182372,0.47952111507632683,588
0.01149674127982138,0.47665741362610664,589
0.02252087411448117,0.4724732894507796,590
0.024812928437074493,0.504708363699245,591
0.03733240640202866,0.49535314891739185,592
0.01819104039922906,0.488101564118131,593
0.01873755640682956,0.48960654094062,594
-0.004733446082698992,0.4794944536965866,595
0.02025372949230096,0.49565452325322096,596
0.010197386137444569,0.47498010734242585,597
0.013222110336444957,0.4658473063121304,598
0.013058443226821606,0.4847658570188775,599
0.01801636916623972,0.47964622682263663,600
0.013411063659695948,0.49330106342378716,601
0.029729934407355274,0.5085048746790645,602
-0.01200792296384812,0.4740382549937867,603
0.024121280970746745,0.4928686571411907,604
0.013424266218744698,0.48462623266301014,605
0.02209312382446873,0.5055894103553751,606
0.028280131963931664,0.46600711266666917,607
-0.022704038381976238,0.466206077470078,608
0.004701726896260602,0.48862878156776035,609
-0.006026509186362906,0.48545604426509975,610
0.00512240211355639,0.5045911210493313,611
0.018915160836215878,0.4974698013752309,612
0.017507781402883057,0.4912916933922812,613
0.01740045124997549,0.46563424601191966,614
0.019336467048337046,0.4965544034928352,615
0.017056432879836377,0.49299121500936904,616
-0.00466088573161489,0.5077204901904406,617
-0.0030611630623051697,0.49564989506105855,618
0.007396648168070209,0.5050909036361344,619
-0.0032463474186828385,0.49106044668661725,620
0.03310421155972729,0.5144160702425522,621
0.009349749696504584,0.4851682617088221,622
0.013491250869896172,0.5014718610321856,623
0.044009073691259025,0.5043736881341725,624
0.030233954180200272,0.46497797667438584,625
-0.0025571650823471067,0.4990434060549021,626
0.023727077207726245,0.49529836955770024,627
0.01581513446128647,0.4895634553369143,628
-0.007657299507178228,0.5032769845270183,629
0.02448265432689435,0.4805453784577034,630
0.037281313488513296,0.4948239900039802,631
0.030145363989391348,0.49963774341249556,632
0.018147095901147995,0.49443637916903604,633
0.038724207141159095,0.48340902930192475,634
0.026670400230143644,0.488693902679619,635
0.004920449878747783,0.4856199810645464,636
0.025230741649221507,0.46096497851206714,637
-0.0017203072825264318,0.46716769769653654,638
0.020243692325890315,0.484418673612272,639
0.0011454910234830846,0.4890883574147905,640
0.004515355229886711,0.4847645874456916,641
0.02601872270457699,0.4895654113873937,642
0.016191916784350897,0.4935489895521005,643
0.011364426441055902,0.48293435919775213,644
0.01739379255446628,0.49057669158736156,645
0.03311737157343497,0.49743290539503804,646
0.0072175252964339675,0.5119482744143553,647
0.04857139899548005,0.4892417318671832,648
-0.02603964402544897,0.5043685837969801,649
0.012270278447779758,0.4898184602994596,650
0.0033343704360603195,0.4671261650102141,651
0.010368672634814167,0.49438362427407867,652
-0.0012619969433281951,0.4833767714531541,653
0.001386347079480885,0.47624371576164193,654
0.017792997523260867,0.4736990685878804,655
0.02446157687307686,0.4831782482410298,656
0.03829600178111459,0.49645523271604464,657
0.048524264753249426,0.5032310763272833,658
0.005365452843160913,0.49420542353289676,659
-2.5419280231386105e-4,0.47292708791976296,660
0.03968571118496951,0.4664966790415097,661
0.033716643155311095,0.4859041883224258,662
-0.01749783214038854,0.49210399677985617,663
0.00928268598945015,0.49096672778183553,664
0.02204044095390428,0.49211891019743637,665
0.001725832962091025,0.5102870647167006,666
0.049599992781384376,0.4925051563879958,667
0.014144973591838748,0.4959173949674919,668
0.0020400729392344233,0.5077970964559096,669
0.0067743377923249175,0.4952459277390461,670
0.01849298009384948,0.4873501598874279,671
0.06912772386418958,0.4866375775444247,672
0.02554624928592691,0.47683450707030633,673
0.006883192988863151,0.47791233667152966,674
0.022741477726461692,0.48178924171352494,675
0.03195039793516169,0.4930243074143103,676
0.015528766535472839,0.4592972956017236,677
0.017341545154919136,0.4882745593822618,678
0.01663997509859127,0.48232260405826655,679
0.016457541211543313,0.4650646745903388,680
0.003454200086551204,0.49686194778036413,681
-0.008542395436555984,0.48208005505250306,682
-0.002643922739711785,0.5022617844104933,683
0.021306585218482534,0.48977872741656303,684
0.017114504302638157,0.484278087955519,685
0.008910370107315872,0.47991945164117816,686
0.036083223930875444,0.4885860332877241,687
0.020490845065080775,0.46624191096368955,688
0.01735724450905543,0.493530810864311,689
0.06018251293827569,0.4902094517626165,690
0.01452109754411655,0.5013570920594912,691
0.012206021168683452,0.4771191903048528,692
0.008078100325174477,0.48929550452629156,693
0.008935157618523842,0.5017313327561935,694
0.025264646556458555,0.4796701568088167,695
0.036930744894331236,0.4891453967600278,696
0.019943570374786595,0.5249532041014138,697
0.06037896509974056,0.5021914004892895,698
0.024670364887442068,0.48862048537258057,699
0.032304705183840335,0.4698518094858175,700
0.026889711388015484,0.4806471278730932,701
0.009337838423550467,0.4725029832046714,702
-0.011382389656049988,0.4609782178708034,703
0.015689717273431707,0.47401850934794004,704
0.05806081788463398,0.47841819106139605,705
0.006466587897827446,0.48038727730044123,706
-0.0261581154781136,0.4894714070070706,707
0.024072838184327185,0.5002068558873605,708
0.03331129238934395,0.5115488929279031,709
0.01704209780177666,0.46585647086051224,710
0.026707140918315466,0.47881749250186284,711
0.01562661527046906,0.4914900803012759,712
0.021664734746606962,0.4943865174395915,713
0.03511131031459496,0.5138668426071319,714
0.0038650906865973435,0.4748193893700308,715
0.003236502490915156,0.4707532829167264,716
0.030773989998890295,0.5126804208314246,717
0.03283527933209979,0.49457929212210067,718
0.006125443504467067,0.4606064670680837,719
0.00421309721214658,0.47956700457031004,720
-0.012968359234480514,0.48997404569792835,721
0.008408529945928974,0.47430413915927183,722
0.02183894966341679,0.5221810450056465,723
0.030042246487705628,0.4726828203110609,724
0.03574406010758516,0.48852952990816384,725
0.05575085477395228,0.5029098815864277,726
0.020528592554761353,0.49023869569463124,727
-0.024994435695130473,0.502357143338162,728
0.022359064656372458,0.4497202639851452,729
-0.005418261148095595,0.4763090360361151,730
0.04688267508215924,0.515001470738791,731
-0.0035924918570783442,0.49948966938093503,732
0.010946624215403728,0.48686828855332676,733
0.035021330135346085,0.49180453708997074,734
-0.00501809705848169,0.48273340961861805,735
0.029574909251665803,0.4853910386458416,736
0.019952988524285297,0.48493514990482306,737
0.016580837178845717,0.5256387137575169,738
-0.0192094646052628,0.49397014763043545,739
0.0398233831827221,0.4951893935722661,740
0.007048852180245504,0.4989053745291197,741
0.020025250149957704,0.486853778389205,742
0.03724915309216047,0.47449005137861106,743
0.024499233549828685,0.4792308032503871,744
0.029491260039706396,0.49896168712138567,745
0.06438647124521409,0.48632287275063185,746
0.024219707729818258,0.4667572095232687,747
0.0187014966662908,0.4834857266812927,748
0.011799075343752057,0.46623416305482973,749
0.018925079736473168,0.5025046616480545,750
0.04089990391140784,0.48865829390581605,751
0.014984256685039221,0.5017393829638688,752
0.022526703121913336,0.49435933792142334,753
0.04009506964425788,0.4664553184167366,754
6.818018931881796e-4,0.48652120601436083,755
0.05564293628985519,0.47810889829392633,756
0.00932683732724649,0.4807441848409451,757
0.04072327045160949,0.4847901895241946,758
0.02257773621987037,0.47357067505330913,759
0.017542281290904623,0.5024034208708417,760
-0.0026156635928895186,0.5038398870436713,761
0.020203763904078027,0.4982673174537198,762
0.022378867039717865,0.49143091404635664,763
0.008337654727205282,0.4743901743228761,764
0.005317379657631273,0.49713573629739083,765
0.033117267676319055,0.5040027107737667,766
-0.00618402566649104,0.4826783168985579,767
0.033719303922054356,0.5170434517466522,768
0.009502107137208183,0.4920236945814752,769
0.020154785982157836,0.4863651479775448,770
0.021663253585017687,0.5208594406721554,771
0.03024247389270485,0.4634322155094211,772
-0.009899099982883876,0.4742655047753419,773
0.013755550567392324,0.5047175443679102,774
0.01681950542110422,0.5071288873313273,775
0.022387309003850837,0.46963806970106303,776
0.009244780916925783,0.4786103909577177,777
0.023579073485097652,0.4715269252429981,778
0.01201765171335836,0.48406138484804034,779
0.007131493299473685,0.4800764578789589,780
0.03507193220145937,0.4661634772466502,781
0.01766258487536266,0.49569383294859515,782
0.05528044855394859,0.5118523293962524,783
0.0054616771184894655,0.49480592695804293,784
0.01215519985539151,0.4991722712178924,785
0.0019732625802072927,0.483621805580839,786
0.033827242492775245,0.4732181735355401,787
0.013468040157138834,0.5097925556230765,788
-0.0032854709848642956,0.4780111078905506,789
0.02220610866790025,0.48616678745105874,790
0.016716450906247966,0.4741628847607146,791
0.0281296181621927,0.4784355808048405,792
0.04635350322798095,0.4815656810995798,793
0.01765742510254406,0.5069595429489027,794
0.0294535261970793,0.4803334175915347,795
0.024704310895962554,0.5261700068872598,796
-0.019379633932286568,0.49652709331855877,797
-0.014738782210360003,0.4874835832133162,798
0.038627185754980684,0.46809204639693536,799
0.009249313503460104,0.4719387750189406,800
0.035580713091001,0.5077628862363022,801
0.0220513828133012,0.5198754875144758,802
0.027852263073295174,0.4781040522851716,803
0.04076905285687171,0.4814074532946078,804
0.013510780248371613,0.4924835744096543,805
-0.0015924313986557834,0.5012323264911247,806
0.04617179662304223,0.4808921798258517,807
0.024050249057641422,0.49446633301215737,808
0.0409195506007974,0.4893373049328075,809
0.007400113816241236,0.4910070461903423,810
0.03913903581580984,0.4863170631529731,811
0.02192505741863969,0.5004872094225143,812
0.018206332639671807,0.48130940526241545,813
-0.00978750500030898,0.5170072994727818,814
0.024708001913984992,0.4876259445954027,815
3.636816528453622e-5,0.4829367550474114,816
0.0017575392651358827,0.4829428024717284,817
0.01571437105096206,0.4839834887901528,818
0.02524761666618136,0.4774351329076277,819
0.004342644951764379,0.4852153617197856,820
0.04534858490865778,0.4985670025215268,821
1.1977343854980492e-4,0.4867254497943918,822
-0.008031075600760275,0.4800741023671354,823
0.04759771092130974,0.4729955216195126,824
0.025403989787895116,0.4890831897287898,825
0.03017550726720581,0.47678395050918954,826
0.006623669004343687,0.49188736904458297,827
0.0433929102774827,0.5099904571134725,828
0.010070557781052458,0.48299654057421687,829
2.997637776920208e-4,0.4804260073896485,830
0.0062879274690277,0.5032160343210325,831
0.03534807119324993,0.4782238587042669,832
0.015277310307505653,0.5155880153138648,833
0.019645239579159545,0.48870991764689586,834
0.033199886688705174,0.49163194865366944,835
0.003421509301081859,0.4818943118379687,836
0.02789847967218662,0.465755493250347,837
0.020408946423031062,0.48803076662443245,838
0.018186051521894286,0.49696756521684593,839
0.031868031264071804,0.47827803930305024,840
0.005671349300340869,0.5342989541119203,841
0.02330560370760063,0.4993210860989524,842
0.025468553211552492,0.47051278023423776,843
0.03452793769988774,0.4866768559680134,844
0.0089237778712023,0.5226384240656969,845
0.040548724978723,0.48655874756092804,846
0.025645085339290566,0.4716254678389095,847
0.029065808120266518,0.486326000467706,848
0.03927002783965433,0.4966167549144627,849
-0.005355321224178498,0.5143933628331175,850
0.043709666434728414,0.4982117416369656,851
0.048195549195168406,0.47350494122597764,852
0.013168876903976886,0.4784527304529127,853
0.02735687690982117,0.463705571807729,854
0.024114625393071673,0.49123396801886016,855
0.02447299827617253,0.46430308062152237,856
9.341085038114018e-4,0.5010234087935254,857
0.008466505169482622,0.5113933381506005,858
0.03171354277245264,0.4987654554684402,859
0.009005052786966904,0.5061521726843606,860
0.017568715034965134,0.497766829889527,861
0.03227364000508064,0.4839904327107257,862
0.025497134880481158,0.5025580827057676,863
0.03543615217147824,0.4866681299024107,864
0.013971862715634243,0.4933032343391709,865
-0.014225972782788926,0.49170893139395083,866
0.010984886999810341,0.4752284675310074,867
0.034743500256472284,0.469550056759123,868
-0.0046886759289849885,0.4968189378667743,869
0.04009914577430401,0.46811103780488045,870
0.013344490026922432,0.49701287659195487,871
0.018364740459338582,0.4939128986087511,872
0.04501507880245899,0.4786565973098826,873
-0.005321949541195948,0.48668587274062325,874
0.017426008614069524,0.48031932375848635,875
0.02890221107647859,0.527658555310547,876
0.048959800615335586,0.4920055483452984,877
0.019705888335075493,0.48481347089704113,878
0.04286835693268069,0.4840686542068772,879
-0.020970511609029584,0.4895731002527086,880
0.027838558410678563,0.5114290948210639,881
0.05668544180130887,0.4738230785200835,882
0.046965096744331296,0.49881347905337625,883
0.035154517620600054,0.4789145522488012,884
0.02075251962615894,0.4682828340984259,885
0.01976585896360182,0.4858606932209216,886
-0.021476470511321892,0.49280343167866025,887
0.020681182704538434,0.47413384724057417,888
0.028149581635092805,0.4812963616884316,889
-0.0031427697316043467,0.45791034033778166,890
0.011524167286939594,0.4547926603877587,891
0.013011563337259573,0.5071778284823262,892
0.01889344015905833,0.4765473089659763,893
0.007590537748354756,0.4901564649587624,894
-0.009896855381683004,0.48326662640281876,895
0.04578750783082439,0.4777485757409198,896
0.026342738932461515,0.477720731718866,897
0.020161321377382965,0.48071685345481185,898
0.03861519641879836,0.4848523739971682,899
0.03905856928118587,0.486426581199485,900
0.02995149638492585,0.498459410578318,901
0.05548440397971381,0.505989770885815,902
0.020776497954182148,0.5079061108807242,903
0.0328793509069816,0.49550209459238065,904
-0.02491689848759307,0.5014936860471076,905
0.020913747496081027,0.4888739129894362,906
0.0018592482588700254,0.4970097227412088,907
0.019508694065508213,0.4779000890155836,908
0.04545449670382197,0.48057868418001115,909
0.009796260353106713,0.49241384618163464,910
0.01930197249799575,0.48260484382166585,911
-0.013874941463933536,0.4903510464855546,912
0.016060394401362938,0.47941892159574845,913
0.0048123601734353484,0.4859352912234556,914
0.02800840475484551,0.5049747592918746,915
0.01886453231533814,0.4826522521112873,916
0.01053314800136782,0.48285259433609073,917
0.02267533265182042,0.4634359939136328,918
0.03507049236902932,0.5082113600185841,919
0.0024591946766722053,0.505082447367407,920
0.030949719630140753,0.4614192835753071,921
0.050064610723929176,0.509596976442474,922
0.018918973719131857,0.5061854471354178,923
0.020057958672132465,0.4989663373513607,924
-0.00256156133878074,0.46804921401990246,925
0.005073887488944894,0.4772999905445826,926
0.009312202814903515,0.48402612972257536,927
0.01828712753026165,0.4707901000371232,928
0.01571209972411034,0.4991209616885055,929
0.043135329144751634,0.49019358190111,930
0.03254348827897009,0.4839630004364305,931
-0.005772866328593893,0.48843828233441655,932
-0.0022047022445510593,0.48991303807327546,933
2.2633866116393868e-4,0.4813587973624718,934
0.01646391144946895,0.46980533481559,935
0.017477239612169522,0.4865471055171305,936
-0.003857152388845955,0.4704304602313292,937
0.015728460139415413,0.4907797193693086,938
0.02546224320644858,0.48352352750350197,939
0.013144068348044538,0.471087052786208,940
0.02747988753762475,0.48187690024859625,941
0.06002346573770338,0.49951351587177123,942
0.026833588800783726,0.47830628440275247,943
0.00829726967689379,0.4878030800710965,944
0.005429858779045631,0.4683500647331959,945
0.00717686106217588,0.48760957153323004,946
-0.007986305181842313,0.4965540968575872,947
0.03140591099739744,0.5040239238655964,948
0.016284784130958872,0.48506428356084264,949
0.022739339978071864,0.4755707135285978,950
0.008364195045607821,0.4842299421550162,951
0.014354667810884719,0.501150830095494,952
0.03734233295704211,0.47215364290288947,953
0.04472394703829902,0.4779900479407016,954
0.009656091206843208,0.5202304248908941,955
0.009940725766732961,0.4849530460076426,956
0.00941289799708533,0.4833699244707142,957
-0.00912424802311688,0.48121110036001574,958
0.033110678672545135,0.4997818739895406,959
0.016092759903003635,0.48526785261091065,960
8.048168242693289e-4,0.5147893254437879,961
0.018582073461798642,0.47076595813306416,962
-0.004005539957476093,0.4750555344578543,963
0.012387164458631625,0.4906825589353854,964
-0.017272720987759182,0.4951305460710015,965
0.0030320867383597386,0.5210109061376981,966
0.028057935051239824,0.48004072317363716,967
0.03440904543385806,0.48164281323908137,968
0.03341177941344098,0.4964071018118881,969
0.007996081989668002,0.48472448637097054,970
0.014923589462421992,0.4791277954553134,971
0.008068712994537295,0.5133077860597244,972
0.020139615082925392,0.4662530959982449,973
0.004640044318654799,0.5121373972647438,974
0.018017598920556183,0.5146296643316399,975
0.03912952111146629,0.46672041936040065,976
0.0052758760154105,0.4718774430577018,977
0.04044906808894737,0.4790990236288874,978
0.026009560278126804,0.49846680826381046,979
0.00392531432050677,0.4803192771680115,980
0.02290432852493453,0.5030011530009578,981
0.018780875203553635,0.4818150307145122,982
0.027549288923489103,0.4875557331674784,983
0.015156631741309622,0.47963452530562667,984
0.035322405180839664,0.4801135058464485,985
0.006408763092438058,0.48837919953742004,986
0.03640549994312832,0.49257250702877625,987
0.0161875739594469,0.4902983912999758,988
-0.014232122571153829,0.49605506601381477,989
0.033287830078295014,0.4886217032987906,990
0.010145545733709502,0.4706524261747894,991
0.026262253715031856,0.5086874957491065,992
-0.0020366003059902648,0.5011206923798471,993
0.03349449507185894,0.49410353072399366,994
-0.005581903971312981,0.4815128837433634,995
-0.005996245150285475,0.487061503286868,996
-7.869419200025787e-4,0.4837886534000816,997
0.012903812049929176,0.47515747752450455,998
0.03974030782557443,0.4804218547031873,999
0.03699127944929636,0.48543865649930523,1000
0.019707673470521662,0.5023681813085394,1001
0.03115246321531972,0.49799675187041237,1002
2.819087468341631e-4,0.4688590049668939,1003
0.014897779097391636,0.5067117753472108,1004
0.015946920801317124,0.4824947497715136,1005
0.03741000550869805,0.5067964893581494,1006
0.026695044683413095,0.4703597499414822,1007
0.01397177586513,0.5048739176395652,1008
0.013644986831645467,0.48873087195816095,1009
0.016536845582010493,0.5071129805963107,1010
0.008552297705896598,0.4976933589457193,1011
1.7048458742814025e-4,0.4817021570499608,1012
-0.0018127672761511634,0.5083308504240599,1013
-0.010335268114460113,0.469431741892381,1014
0.01641460263975536,0.48988145311584425,1015
0.015957931203202397,0.5091223073132967,1016
0.013845162152032183,0.49824206070039045,1017
0.04517394127362819,0.5053335220214316,1018
0.00340684196361004,0.5106010343840941,1019
0.024075971846336894,0.4713798608528144,1020
0.02701665824751079,0.47296163332915514,1021
-0.0085742612945633,0.5094857361800561,1022
0.03927712127878427,0.47814976978263385,1023
0.010932722156250477,0.5079602239373586,1024
0.012644658596491274,0.49514330708609705,1025
0.02272477091131616,0.48757814953929923,1026
0.028949277123560244,0.4729478603277984,1027
0.02669154445126543,0.4890935207517631,1028
0.03532642651844049,0.49643011681168875,1029
0.054764756591300964,0.48178967224098596,1030
0.032886796052116266,0.47028192861216184,1031
0.01636880522396733,0.4856034414142963,1032
0.024895181478941555,0.4607458649001233,1033
0.028708332785476416,0.5203568945269489,1034
0.009625807710471964,0.45759047312025125,1035
0.0651125939123339,0.5122037426432535,1036
0.02258704627827881,0.49091608929215197,1037
0.02527658767865563,0.5046952218391952,1038
0.002519441674890345,0.5068332977393583,1039
0.010065906843004341,0.5017731366928484,1040
0.032722939019970504,0.48103089210712996,1041
0.010551578204565867,0.4861692251548535,1042
0.02438317756309549,0.47113238431809,1043
0.03181841608318791,0.4974524731286625,1044
0.020648156527804495,0.48439181627678046,1045
0.008050153810845874,0.4829134346610747,1046
0.01772413998671598,0.4545973289964321,1047
0.022436556086542644,0.4837920588058262,1048
0.02311674347207704,0.4895108558753412,1049
0.0034937048663346757,0.4995158108070366,1050
0.0045591666989782745,0.4847497239224195,1051
0.016008557172708895,0.5112400534045318,1052
0.004879158265191688,0.50211889259347,1053
0.00625600440699708,0.4584262139948127,1054
0.0031605172550183535,0.49185669225415435,1055
-0.007999414626380163,0.4800639755756869,1056
0.0237753797792685,0.4879452187785805,1057
0.006087009728691232,0.503997342776873,1058
0.04289671167514847,0.48881079066737587,1059
-6.735581216357901e-4,0.4971184467989501,1060
0.04302482013351303,0.49397666855948535,1061
0.028546516903568867,0.47844171785941364,1062
-0.0150473958104549,0.5031867584402927,1063
0.008504866054832734,0.4912618156316332,1064
-0.009836995330816575,0.48274475004141415,1065
0.012057784540793138,0.46952821025556485,1066
0.009901995959080312,0.46680268661959,1067
-4.357352899684164e-4,0.4803729401543007,1068
0.025523414112446317,0.4817128542585329,1069
0.016860465294896126,0.49672104205329487,1070
0.04381680533551052,0.4591674314349477,1071
0.01339691046028877,0.4720616979765933,1072
0.044742506033078944,0.4917745327385768,1073
0.002509421267103405,0.4897463859646504,1074
0.0024375472511134486,0.49102068695620465,1075
0.022708560592211553,0.5074671635443512,1076
0.03979033050534472,0.48879975085837984,1077
0.004022113240660096,0.487943645547469,1078
0.02174261612301661,0.49220904746372574,1079
0.0013205235477850357,0.46824359142783084,1080
0.052484166800695765,0.5142293699251483,1081
0.03235703077085063,0.4688443133243994,1082
0.03659707849472302,0.4815983080990755,1083
0.062157634691390344,0.5082734089726189,1084
0.017910924678751074,0.4943183127712537,1085
0.006865664713075471,0.5064703946038931,1086
0.04427532006672507,0.5033732680389829,1087
0.036845670629662645,0.4896047660134246,1088
0.034511895526037006,0.5039597742014583,1089
0.00867511983530784,0.45740055840579563,1090
0.018218180510940332,0.489709018061194,1091
0.027313833856550583,0.519081804938407,1092
0.033360717288747545,0.48964613606142277,1093
-0.00249842646767906,0.4834271406055025,1094
0.017270299382595288,0.48815639177430514,1095
0.022886045428743826,0.46542816972733236,1096
0.044382549263260844,0.4821583866327572,1097
0.03216680588011746,0.5036243548845296,1098
0.01925642923672648,0.5037521085662794,1099
0.018598348802348796,0.47830031989759164,1100
-0.0012397846728128986,0.5045169492959071,1101
0.01900335282482527,0.49387517089552596,1102
0.010011867201755592,0.5035627020226808,1103
0.02624459839607479,0.493970586072131,1104
0.06559027565726995,0.5152653075009924,1105
0.04211289119259938,0.47261880929900757,1106
0.050987149070528016,0.4826474477183811,1107
0.024337410210871893,0.5154695285008485,1108
0.028571253148338704,0.5024148718350164,1109
-0.006013402902281345,0.49663664191262186,1110
0.023424658867298886,0.4686087861267537,1111
0.015573678229944137,0.4790614833771439,1112
0.018557454729468133,0.4673288792231434,1113
0.0052689057931981365,0.4664098879840263,1114
0.027993612117522576,0.4610579023611238,1115
0.029831393129680944,0.4860970516187467,1116
0.027352243995807615,0.4932816160667867,1117
0.04568863730800892,0.5003947998599527,1118
0.025548770316498798,0.47653147297148174,1119
0.021921020027085826,0.48819170255686506,1120
-0.011443699220583765,0.5068174157804091,1121
0.017445282298283557,0.5193969128239225,1122
0.05200335133201869,0.47952631559233344,1123
0.025807782355108173,0.47532780184373713,1124
0.018861160831145782,0.483601386152609,1125
0.021251789126380642,0.5184067639602947,1126
0.024157915021508564,0.5104749599902189,1127
0.009560945355436334,0.47829695290883384,1128
0.032107725415448894,0.48865675878699166,1129
0.00785894725591983,0.47904132594564797,1130
0.017024873502953293,0.47462659625554976,1131
0.03723377684638257,0.47807148516958287,1132
0.03502779355462479,0.4738654821714159,1133
0.009331895875784143,0.5067586557847427,1134
0.02500159035372932,0.4924572645717129,1135
0.030193358067591256,0.4824539654160562,1136
0.030139092815727755,0.532189602289919,1137
0.014373578846983263,0.49642771018929427,1138
0.031134180339972072,0.49965330243804035,1139
8.271554850874077e-4,0.48786985365993857,1140
0.0034198518323270066,0.4781839769550818,1141
-0.0014207147099419652,0.5183354888166348,1142
-0.02117406823776636,0.48579734692648613,1143
0.04527620942351411,0.49449860316883076,1144
0.025066293972227326,0.5003882145312653,1145
0.03218214902326788,0.4827698735747464,1146
0.02968913198450926,0.5086437607475146,1147
0.029821563428066283,0.4861519162998637,1148
0.03519478849985492,0.5034110983582535,1149
0.024957155778242056,0.5037664647574174,1150
0.059460853180672534,0.4833147298247714,1151
0.04683108737627066,0.4825347609596287,1152
0.02156035361334012,0.4783370047431258,1153
0.024041211008798843,0.509790994274594,1154
0.030985955293722778,0.4845063389560431,1155
0.020818103031964325,0.4996645510408957,1156
0.013514617418529957,0.49027816650030787,1157
0.00804854647115654,0.483276720967915,1158
0.020242013514488646,0.49702794366863984,1159
0.01580686529850133,0.48468845400580834,1160
0.03527745781523962,0.4895464712279904,1161
0.005676760083105746,0.4993977985098137,1162
0.019638415388841427,0.4884307326431684,1163
0.015252763319196741,0.48650982482765115,1164
0.021786266677731,0.465647134979888,1165
-0.010986787758412558,0.49112003017838124,1166
0.021396847289502738,0.5173763446687195,1167
0.04357928117658176,0.49789028155055665,1168
0.024310577649972364,0.46956297308113715,1169
0.004320140082166638,0.47944031283006056,1170
0.013976571012840422,0.4963607612439364,1171
0.0364538268076641,0.4991697323304402,1172
0.02819601656642703,0.4772037706100239,1173
0.020512537165715335,0.49641507481948605,1174
0.03474799284434076,0.4669785531150764,1175
0.030480649580455134,0.4709858607461894,1176
-0.018356567997163765,0.4889145692448152,1177
0.017722978862322932,0.4802788288087824,1178
-0.011662409898335757,0.49937936237653846,1179
0.027635174073977337,0.4883856342936029,1180
0.043025481383356656,0.4831920476158371,1181
0.038180346328747714,0.4633418829915915,1182
-0.009847246342004823,0.4671752043666069,1183
0.04696338767240617,0.5094567608879896,1184
-0.0025038065861175208,0.4771799840575668,1185
0.01961318651193421,0.48117553544689196,1186
0.014256097260424778,0.4907269371045165,1187
0.04221109713706507,0.47631738126815104,1188
0.05851706686369009,0.4913263074648259,1189
0.04071381297483623,0.49223276652158854,1190
0.013827524703748787,0.4947849292730456,1191
-0.008091009644986371,0.46547833374845066,1192
0.01745705952371327,0.49667494132236695,1193
-0.013533302213514549,0.49540969153582626,1194
0.035542701503721026,0.48606899283679394,1195
0.03581581366791895,0.47677328957276116,1196
0.03608096143686424,0.49268068322903347,1197
0.028475356980550235,0.49034657657616687,1198
-0.006988057426365608,0.492561878480042,1199
0.05520246543490432,0.5086482481729339,1200
0.011770244984914054,0.4902463498457703,1201
1.7529838745768828e-4,0.4836849033330108,1202
0.0033811744231436085,0.49044343626165177,1203
0.022203452515434142,0.4996834371327329,1204
-0.006364026187704177,0.4931881355235328,1205
0.01808237609259005,0.4769248258600099,1206
0.03484900328072392,0.478560005305996,1207
0.02004960973398981,0.46227304983317546,1208
0.0019985727206251708,0.47567819348494295,1209
0.024621582400380742,0.47580706377399135,1210
-0.012945970332113123,0.49666866750769534,1211
-0.004087058143869298,0.5048267841359495,1212
0.005498780360848717,0.48093439190848514,1213
0.013920442584011981,0.48692807695693,1214
0.009304843559143261,0.49751364865576253,1215
-0.0209100102534047,0.5136634693484963,1216
-0.010322257590646469,0.4821294280820752,1217
0.0062784090905526925,0.49333596070153374,1218
0.037023707091406774,0.5067595719945115,1219
0.03606973798520055,0.49038549354857,1220
0.014879070778459,0.5192800715505641,1221
0.014999520674664018,0.518087402066498,1222
0.013315673976913921,0.4845707205294548,1223
0.022617018765642993,0.4980410769418248,1224
0.03643268228614565,0.49756247269120957,1225
0.007634193907147157,0.49250914618567226,1226
0.02788982739856774,0.4990843432078457,1227
0.009890024698566372,0.5213047145816213,1228
0.017614799283820627,0.48113562738567595,1229
0.015393178209691147,0.500724859075239,1230
0.03453975458350701,0.4974602145532572,1231
0.020983714907882478,0.5025312879557725,1232
-0.010648297974133844,0.49356002866363513,1233
0.050552274671884445,0.4802001594645144,1234
0.035543491407802184,0.4752570059191516,1235
0.027834975422437774,0.5097479421162145,1236
-0.0016592557603882082,0.48609475274386316,1237
0.020482138729716878,0.5140846434411014,1238
0.012045468042499712,0.5017921844559443,1239
0.020933186159953317,0.4689546468805065,1240
0.021115782463953976,0.468599621659906,1241
-0.004370433618633726,0.5097882611262973,1242
0.02789241241526999,0.4792070479075184,1243
0.004796478772527892,0.5098286888948493,1244
0.04106992750409114,0.5106844105588938,1245
-0.005752859991329678,0.49642859021011654,1246
4.892396777459087e-4,0.5024487986942127,1247
0.03196484866966502,0.4883239101559186,1248
0.0299052333945274,0.49337294844919544,1249
0.042397048444518685,0.514981872133566,1250
0.018886000357206664,0.5043942000600402,1251
0.041740820786222765,0.48917455494745843,1252
0.042427986187779064,0.5047538309263893,1253
-3.1643067347063986e-4,0.4917620241131338,1254
0.02214311587803703,0.48099720218228925,1255
0.004498107649321959,0.514295605648728,1256
0.017126906780964242,0.46307961779395934,1257
0.003682407002923557,0.5120635853426702,1258
0.013285773904328693,0.49234657265478893,1259
0.013596390209538614,0.4874024704129908,1260
0.03267181409229067,0.5145686885717172,1261
0.014435606190057747,0.48850498047853763,1262
0.024413748633732243,0.49527391163496126,1263
0.06303754386426878,0.49487541751286124,1264
1.2556181927686266e-4,0.48090348235184766,1265
0.015399488912347338,0.47792777200916037,1266
0.015336364828276905,0.5083220089966709,1267
0.011554685002333441,0.4853028405948376,1268
0.04404843805662281,0.4947348142953138,1269
0.03263844371960701,0.5204988162280687,1270
0.02377976375260525,0.47481818208541926,1271
-0.0042154803365272555,0.472117442638878,1272
0.017571974882040202,0.4745294924135494,1273
0.010407335047555071,0.5038715163730235,1274
-0.0028646879512616275,0.48554429986591463,1275
-0.0073355170340990185,0.49360116711378454,1276
0.00760301462463007,0.47275396054586855,1277
0.028616540258349966,0.4962821852944867,1278
-0.007046717477624279,0.4984668624738857,1279
-0.017314660253306368,0.4945069035238823,1280
0.0332901444182537,0.5055188659362333,1281
0.026769189171902102,0.477335119427804,1282
-0.012265501142955158,0.4701120667877986,1283
0.011060179830566683,0.4597285644419517,1284
0.02606650424326891,0.48339324365803,1285
0.010537257660442542,0.4845446472985823,1286
0.02678038276106884,0.4603724681439338,1287
0.030982150171218623,0.4564630786840922,1288
0.056214396809910104,0.5141071548693281,1289
-0.001225678271681545,0.4849149951911666,1290
0.0020117845255658066,0.5031530959479669,1291
-0.024716284892231467,0.46218202760206345,1292
0.02159691828656723,0.46530926896916647,1293
0.03483287940551653,0.47097889348679006,1294
0.031488792653829555,0.4823001280987162,1295
0.040431831122189385,0.4831619946832367,1296
0.007143259973621195,0.46466746437151163,1297
0.01229601820016692,0.49173124540091173,1298
-0.0014786771756345107,0.485293013865266,1299
0.014816364750037931,0.463813117495349,1300
0.021104065921693848,0.4781399688807479,1301
0.008884350771216677,0.4571395972928101,1302
0.0063267495375181095,0.4817016451703564,1303
0.014994307568149352,0.49588561856729235,1304
0.039735098364865086,0.48886940784351035,1305
0.028182899665623234,0.4963225590936475,1306
0.017764469130810215,0.49435731092015633,1307
0.017420855227192805,0.49848516719565533,1308
-0.007967230686063972,0.5034344503850212,1309
0.02384109852022327,0.5289582427904721,1310
0.0386153576265441,0.4458832639344049,1311
0.019023349573207043,0.48488236946985647,1312
-6.893117578661567e-4,0.4745760538068725,1313
0.018103128127666224,0.45952279971932625,1314
0.018831559427357467,0.4901690340104256,1315
0.029087837606434998,0.4885291092322568,1316
0.020833062011591637,0.48740264524625065,1317
0.036616744319335745,0.5049655176535273,1318
0.03887916041383561,0.4748776866388807,1319
0.03213005462179946,0.4856098991428695,1320
0.009648798863006241,0.5033784309113687,1321
0.02922160798975306,0.4975392551254819,1322
0.023634936337629236,0.4858876188852794,1323
0.039331749725867095,0.4918324215787071,1324
0.012673438366480678,0.5081040143465424,1325
0.016994686759234965,0.4658544219252285,1326
0.014969758008910344,0.48227801375312185,1327
-0.004370876917723512,0.47788030782818236,1328
0.044420749132684845,0.5133261536862394,1329
0.037113120352572804,0.500036578929827,1330
5.531972584293882e-4,0.4991194236979932,1331
0.011527645588465033,0.49349747721114867,1332
0.006179222282249462,0.47877965448617466,1333
0.029706392329054053,0.4639033129479743,1334
0.03861653486225065,0.4750818041213361,1335
0.023724848107659496,0.49613215139879596,1336
0.029940311247823308,0.479444759945334,1337
0.0015059759096570204,0.47624865389737003,1338
0.05785841567213011,0.49879607658130964,1339
0.024053419550786548,0.4857501709986911,1340
0.019531617668667497,0.5094446359473837,1341
0.026216940232148662,0.5177486720294883,1342
0.02168194813812492,0.4872213021914432,1343
0.025831689989837866,0.47765126199620744,1344
-0.005550632683339539,0.48431997766585416,1345
-0.0023315211705471142,0.47072029266423915,1346
0.027724338217588726,0.4923253134720222,1347
0.006633781265415953,0.47326843541500974,1348
0.029514784814755262,0.4730993662879752,1349
0.0399251902192586,0.48024471435714183,1350
0.014443946956633187,0.4955787158630413,1351
0.026580717480696417,0.48872630455053107,1352
0.012156832386580139,0.49616643810362626,1353
0.026483257474098708,0.48177993194061497,1354
-0.005358417080016374,0.49170436466443546,1355
0.03509625335391311,0.5116329757097815,1356
0.022363331654100288,0.5082522117634769,1357
-0.009797752122768824,0.4770720149164328,1358
0.008993408846427254,0.48332105933975894,1359
0.02060390043751245,0.4885710294620212,1360
0.01121234520719987,0.5059693224835728,1361
0.0449542066253079,0.49320956561911106,1362
0.024757629603739083,0.5183918399761652,1363
0.024697589301695654,0.5038786943221001,1364
0.010406714459167524,0.48602965675634807,1365
0.02706967411601168,0.5164537052774355,1366
0.009797724853031303,0.5072747820503841,1367
0.038744086273176256,0.5077724984482186,1368
0.035979028713103,0.4866809227379866,1369
0.022895877017654498,0.4866223844918226,1370
0.015847450900723672,0.48986940475750457,1371
0.03620093617556298,0.49516871559758036,1372
0.02297185919219408,0.4803056838081495,1373
0.0057436906581830585,0.4914397299762073,1374
0.006278530167228043,0.49339678956661526,1375
-0.011184627222497714,0.48423484926790483,1376
0.019376775279742138,0.48724411586380734,1377
0.04400869129486634,0.4885395287354916,1378
0.030605636291248163,0.4884058578529805,1379
-0.01019529000698998,0.48864466423053715,1380
0.016422381960084872,0.5037527567599112,1381
0.04038308218021677,0.4905910788810441,1382
0.006897388295977854,0.527889365750417,1383
0.029197238783684295,0.4916463620544731,1384
0.022356163219041863,0.4977276804888285,1385
0.017414463566836992,0.49210002909354444,1386
0.0273166274980327,0.48443931622438235,1387
0.02336633326907552,0.4682240089647622,1388
0.007709656593454635,0.5027956140204208,1389
0.027082076715504142,0.4874483950802,1390
0.06336632540526692,0.4783633879675818,1391
0.018499908863995083,0.46730002155179917,1392
-0.0011912091318290936,0.5359959263080915,1393
0.04008397223278792,0.47758649948817394,1394
0.019880175597065293,0.47599665516486295,1395
0.016845135750877288,0.4964045889309346,1396
0.006992837924160818,0.496407914137951,1397
-0.003906684166387496,0.49598546060263426,1398
0.009782962539222442,0.48585377716584044,1399
0.040966944299525215,0.480521278683936,1400
0.020137460878027664,0.49137901771786446,1401
0.02581149519141707,0.5068361059440009,1402
-0.003140749097781941,0.4691418993185569,1403
-0.0020420574856022753,0.49563095997281365,1404
0.005964844062710365,0.4683759052572581,1405
-0.005170294177306125,0.5021621275486525,1406
-0.0018372194580313704,0.4872140073473148,1407
0.04107293222553162,0.5126916829310484,1408
0.017951255036986052,0.48074033380066383,1409
0.029056120876945958,0.47345451484166057,1410
0.013773886960057363,0.4890770226545881,1411
0.02812018287834577,0.5008723172197548,1412
0.024915668381615953,0.49325306312517964,1413
0.01979445036617335,0.4990880131941501,1414
-3.719438709632551e-4,0.5170276820915053,1415
0.028150709678755742,0.4921176508921174,1416
0.0022118477910639542,0.502765312940134,1417
0.005173525214555606,0.4987645623754999,1418
0.03475278274447695,0.48257361021329825,1419
0.01137112605109379,0.4949807060144141,1420
0.013084247341621265,0.5094189927161762,1421
-0.003483971530547066,0.4908373263620003,1422
0.013207979228089344,0.4712532366291855,1423
0.008902572504202254,0.4814677161515087,1424
0.02663264499254859,0.48430141060138393,1425
0.019881440817810996,0.49413055640066433,1426
0.05644175693142264,0.4994443938975626,1427
0.03364599053136631,0.48092139247574733,1428
0.04319638409193554,0.5054415808437324,1429
0.02328418014057765,0.491581646642603,1430
-0.002629459901418973,0.5021852917380828,1431
0.025686909982021302,0.4841282878691216,1432
0.03405706842122201,0.49103030221832095,1433
0.018769761141895176,0.4740472112130536,1434
-0.027445545302072733,0.4956197366237259,1435
0.03865147059133357,0.5063507575146934,1436
0.034277272659318035,0.46629326922047565,1437
-0.004372621229607907,0.48837357478931454,1438
0.01228725083635449,0.4845419306125634,1439
0.015949962695180214,0.4829732866499511,1440
-0.010903051834298775,0.524428030655665,1441
0.0505702810497949,0.504135434136724,1442
0.0372481291275546,0.4792360872542334,1443
0.02711470324656345,0.466589840026972,1444
0.006555613156222741,0.48496716182311356,1445
0.02527845683238804,0.5020828690355617,1446
-0.00497317786782566,0.46922587808436556,1447
0.006590962337313505,0.48553005579456093,1448
0.03693713866699584,0.4742585488434944,1449
0.0353909659116743,0.4708561499633114,1450
0.012384750044432905,0.4933892661380988,1451
0.033302280384525984,0.5182640579276655,1452
-0.003191996943847377,0.5063383532554943,1453
0.0366518659608557,0.47481236036052266,1454
0.027629996448251648,0.5036822915787587,1455
-0.009837509621960144,0.4929537814082801,1456
-0.018963553746176094,0.49543472392980586,1457
0.01153948992887187,0.4863409696759461,1458
0.029287693155635928,0.4918889164142477,1459
-0.016546753532032096,0.47604879302179925,1460
-0.009617383215188166,0.4395916354100345,1461
0.02173380587405484,0.49782030619267853,1462
0.01306032276404265,0.5052485415716311,1463
0.009120098786015326,0.4706440961075151,1464
0.038278570776140414,0.475578267102602,1465
0.015912316515978242,0.46422852536697606,1466
0.0099808198247445315,0.49392679088825325,1467
0.01648893512429217,0.4679804186194752,1468
0.011372615092046016,0.506668587588854,1469
0.02337105883166549,0.49628880172195056,1470
0.038420265707842,0.5032568573346394,1471
0.027289587746134415,0.5030864405760864,1472
0.04547443135691491,0.4798133757429175,1473
-0.010787506188875386,0.4789403284505824,1474
0.025646825131356715,0.4858651603550607,1475
0.030111360924702055,0.48681058532339455,1476
0.022970861240968664,0.5038921690994234,1477
0.01251237086625437,0.49273652205748164,1478
0.028707190803315828,0.5101876473362881,1479
0.02496624422205343,0.49085215010964633,1480
0.020806848244806674,0.48637662062096887,1481
0.04982916906115005,0.5158671243811254,1482
0.002040462684572654,0.5161749260327326,1483
0.021940091444060783,0.5043034587181594,1484
0.0036593917371852743,0.4839806214253963,1485
0.01132147836541687,0.48954997594692645,1486
0.017487180366096457,0.49996955401373977,1487
0.008369578235548458,0.45877480440392343,1488
0.034729821689524376,0.4851124502540074,1489
0.019311310631598442,0.474480953243715,1490
0.00445244984455322,0.47354671234524665,1491
0.016113475396864523,0.4982618514368772,1492
-4.7524195449755386e-4,0.4556838296471264,1493
0.0034961605872717563,0.5082019641962878,1494
0.03423103181330057,0.4902973066932092,1495
0.03411132924444619,0.47904583658216005,1496
0.028781722751557957,0.4788379941023287,1497
0.01074341891533586,0.4780050134001888,1498
0.004870613460007801,0.48793293552504186,1499
0.019099830422556974,0.47278750917153,1500
0.02263373752396947,0.4997952567367715,1501
0.010295853463190972,0.48063758436747234,1502
0.02524531949611544,0.4891392042711546,1503
0.010054563687725842,0.4874260829744302,1504
0.005334516502882214,0.49582392599371644,1505
0.029117510844808327,0.45428914794853753,1506
0.009526071426779359,0.4714315575302322,1507
0.02129705156861423,0.49046696037013227,1508
0.022518246160172933,0.4858198579618332,1509
-0.002106170428428071,0.49694411503634073,1510
0.04202842960235,0.48313780514667026,1511
0.005695510436867305,0.46764535729454554,1512
0.02524023521250427,0.49169241931169716,1513
0.020954945631174837,0.5153744089760917,1514
-0.004053679288639034,0.4966804336851433,1515
-3.274456301795899e-5,0.5086096406506666,1516
0.012864443618093906,0.46939061868550114,1517
-0.0064320130844315575,0.5034773397155327,1518
1.8525025691616074e-5,0.5052454660199407,1519
0.0034355687029682547,0.4688450546604223,1520
0.03455240532817121,0.49832568882790335,1521
0.0300496756589112,0.4905210939079974,1522
0.022749514422991834,0.50309088194888,1523
0.008638073573892674,0.48812937732164147,1524
0.021163315537316818,0.4660231932015068,1525
0.05558096411847872,0.45339124439883083,1526
-0.020856091092810235,0.49058104667734487,1527
-0.0026678169219730985,0.47849377491481904,1528
0.01818610022974446,0.5004476292276318,1529
0.0367093386155658,0.5070130594099346,1530
0.010324875326412113,0.4628582269323641,1531
0.029785082565338964,0.5038693727423235,1532
0.0368628459983278,0.4652443565763885,1533
0.023171301602977958,0.5057805674185007,1534
0.03424559505176405,0.4744239973747709,1535
0.002951979414339392,0.46337678644760383,1536
0.0252831802870605,0.4896958548083762,1537
0.02804339028626087,0.4922769581835742,1538
-0.003915184675212655,0.47754375045879743,1539
-0.018647218399795714,0.4804902676860796,1540
0.02530044045218924,0.4932523315101519,1541
0.012805229679482655,0.4662042906671665,1542
-0.017562677133524336,0.47567829999085837,1543
0.019519877256727866,0.4826600606429404,1544
-0.005541778117772362,0.525489943128133,1545
0.03439160127421004,0.4968623562762559,1546
0.03741363646982154,0.49187086136000646,1547
0.013621657792742575,0.4809435631672283,1548
0.006786595972265799,0.46859128386818205,1549
0.025672799766000266,0.48687201910791206,1550
0.009186669779438309,0.5039464477523659,1551
0.02208117644147727,0.4848289346241456,1552
0.011290750450364487,0.47709055428023694,1553
0.02744902626824606,0.4802086907252376,1554
0.03206381190453005,0.5061713296885637,1555
0.004293453839011063,0.4902548746970365,1556
0.009340331492879236,0.49512175446483436,1557
0.012662120571026893,0.4859205880297324,1558
0.020549829888174463,0.5204112796098812,1559
0.037903873616195294,0.4583012445662221,1560
0.024557633472189578,0.5151834723443037,1561
0.01812690388397624,0.5010663542545214,1562
-0.015915538776697657,0.498425633810807,1563
0.03218055206599576,0.49062318694594903,1564
0.019552366428752025,0.49330426191851434,1565
0.002821172434018268,0.4984819986633747,1566
0.007770736377598736,0.48464954287683015,1567
0.022657555081222032,0.4819143136414475,1568
0.014469283661314678,0.4737885281870391,1569
0.008671581477583817,0.47010104306699385,1570
0.015161497439521578,0.48675592570522636,1571
0.03777816865012582,0.5047935905922152,1572
0.026427503881843402,0.4966424941076169,1573
-0.002205875947579033,0.4890165477686357,1574
0.008389265684791036,0.48521403692920556,1575
0.0368860582451193,0.5101607914323018,1576
0.00819711131904689,0.4798630046935463,1577
0.00833077756622036,0.45801521149682933,1578
0.041414281724842,0.5183959300351462,1579
0.023182111660017664,0.4737506970604912,1580
0.015041467585106112,0.49031097209915775,1581
0.042648571062153875,0.5182320943784788,1582
0.03507473626332909,0.4978365312394893,1583
0.033609003907216696,0.4750873362938139,1584
0.028464958736291786,0.46647848228655897,1585
0.004486340777729185,0.47771282058615966,1586
0.001516816228420547,0.48288671802436256,1587
0.043034181259482295,0.5148761182379831,1588
0.019637549326285465,0.5189789645235497,1589
0.054596385692594694,0.4981360496591507,1590
0.0603192258722857,0.4761873944364202,1591
0.009005669310512627,0.5132356897129334,1592
0.02185314889049955,0.4799343459993935,1593
0.016176944728084067,0.49658444251390943,1594
0.012943029833912219,0.5103288097245005,1595
0.006299840869917484,0.49237574298481435,1596
-0.0028118432198841526,0.48974005846645124,1597
0.02259946631607722,0.4657748612621151,1598
0.01944923600214188,0.48817565333407986,1599
0.028835939611869386,0.49913789221917143,1600
0.020554244151457828,0.4779378366972736,1601
-9.899479132440211e-4,0.48322341540977815,1602
0.028312686737328726,0.4913237473699722,1603
0.012876050338148058,0.5003039436455564,1604
0.051245214628282,0.46692334303721406,1605
0.014219006747237988,0.49596203378358,1606
0.043258731062051484,0.4948121216751731,1607
0.029213070509380178,0.48074473641353466,1608
0.013568492268339711,0.4643818079649949,1609
0.011544035893191617,0.5084207776991935,1610
0.014694687262618886,0.49162183097198997,1611
0.03677548040233824,0.5078347859900829,1612
-0.007564011510674769,0.49158212036478877,1613
0.00223854156632707,0.4903768632773845,1614
0.03450396563918389,0.5127973308231584,1615
0.009960665781143255,0.4844152026586891,1616
0.0040141964616071685,0.48250192460084346,1617
0.021778843106415147,0.4945289631948634,1618
0.024131775522195482,0.49283216626064,1619
0.024790290531995097,0.4803971230145444,1620
-0.01687866544040915,0.4911147526048305,1621
0.028012608388334647,0.4865721680806294,1622
-0.0012484333515145642,0.5272534457050277,1623
0.024056438919177973,0.4743434457117258,1624
0.03961318784974053,0.49864795622344377,1625
0.013271300586540372,0.5086507832657746,1626
0.06465921495817253,0.4675526965564021,1627
0.03527702176773306,0.48223614048014085,1628
0.02354635577451457,0.4706549461710408,1629
0.004893690259334476,0.48015482261776743,1630
-0.0038332958940436534,0.4806540900886252,1631
0.03916285505924278,0.4741407043470784,1632
0.00446244430802458,0.48171360347000364,1633
0.012884820401390362,0.48547113121635915,1634
-0.0117864473414623,0.46571532069174176,1635
0.010941339278770923,0.4882025613897221,1636
0.03924498554877582,0.49940740226413277,1637
0.022102247138957167,0.49096640788642515,1638
0.05012460186038747,0.47757531005922355,1639
0.027067368491349417,0.4932373867423119,1640
0.013651704343795638,0.5043983324338708,1641
0.0062126062597381085,0.49971467304791367,1642
0.023360352556535173,0.5002391285678367,1643
0.04869473326600793,0.48639057789187334,1644
0.008649672457927235,0.5139090473506028,1645
0.004898642239871165,0.45031291838541043,1646
0.02067014102547053,0.4679627967857225,1647
0.019241866804546752,0.49211710361894384,1648
0.04073502629653232,0.48275420277554965,1649
0.015208854639341761,0.4930640155361996,1650
0.03197410734375105,0.47358286920299036,1651
0.029259844722439133,0.4799928980177722,1652
0.014854089470954466,0.4881907719423595,1653
-0.004892949736509135,0.48065955777204955,1654
-0.008707478228896087,0.4936052781576331,1655
0.004062046270971382,0.48760372963555904,1656
0.03768119969829736,0.4652410423604588,1657
0.010935357684904614,0.45856934821035367,1658
0.029481094797337383,0.4878619436877515,1659
0.03920671359122665,0.4819435836580796,1660
0.007349783413816762,0.49534653382208543,1661
0.022420404869676634,0.4978730548566115,1662
0.0344915616226011,0.48543681818110707,1663
0.019785952690766044,0.4713795648270803,1664
0.036952798976917736,0.49991122771560215,1665
0.035423541456911595,0.4892868852462732,1666
0.038041466318105566,0.49510406293190146,1667
-0.0035658003567177205,0.4695340200662873,1668
0.03658701268151447,0.49907785835544183,1669
0.033221421518586924,0.4829029808872545,1670
0.012933263838482117,0.5118269835812161,1671
0.02000499718662813,0.47534423582527624,1672
-0.00459200629907598,0.49725735035010543,1673
0.015976470689547335,0.4869222051952547,1674
0.002782173426988001,0.49624002126693756,1675
0.017322415813644253,0.5055700567197396,1676
0.05248181613539896,0.5020422540798797,1677
0.031015857792702828,0.46719611554031126,1678
0.02492532399657104,0.4753532059484001,1679
0.03511886359537009,0.48589679987326,1680
0.01553420387493377,0.49000121710291583,1681
0.04493455047125618,0.4971445151449998,1682
0.030142227513584415,0.4918172158644062,1683
0.013095956379506822,0.48728162212998033,1684
-8.512307579054256e-6,0.5304623692892935,1685
0.021600756896563624,0.46004457242177677,1686
0.011700081478865186,0.4894181017239852,1687
0.03751845146385291,0.4959489850783747,1688
0.03853194203277024,0.48699207304459724,1689
0.03999584898382484,0.4665999490128608,1690
0.04346748028240186,0.4862657939061495,1691
-0.006231146305536295,0.4893065657370685,1692
0.006257837121911947,0.5002925892141397,1693
0.021523101062930025,0.48857291443199935,1694
0.03326053098430899,0.509049131411431,1695
0.0022529771464402486,0.4917900018871654,1696
0.0209997875364444,0.46994916532064174,1697
0.05345927962904066,0.4864188347309964,1698
0.015035540186318983,0.5130858864277901,1699
0.011252019612580962,0.48853866189547934,1700
0.034252556268751955,0.4891699414971172,1701
0.03741857295822565,0.4837828439000623,1702
0.004755529325300382,0.4980675026995595,1703
0.01703550736494401,0.47529101932274503,1704
-0.00266006721471574,0.48191526456963346,1705
0.02477551678511677,0.4775448949264751,1706
0.040556653077525685,0.5190391873851861,1707
0.01850196515671628,0.49576892827568847,1708
0.0026989097537561666,0.48778445623212063,1709
0.0075684442713497575,0.46624114829723534,1710
0.03203670361459942,0.4881684737966946,1711
0.02394689039755988,0.4757321586963907,1712
-0.005251822153647623,0.4584138916105893,1713
0.025033907554650656,0.4938847795355688,1714
0.007539172131688079,0.4912848502860649,1715
0.043248349419833375,0.48946030438030474,1716
0.016802617087303108,0.5163648293709086,1717
0.0333399617066116,0.5334584045895788,1718
0.00925086690015435,0.4904182339111148,1719
0.021430408259426235,0.4744282503842818,1720
-0.019140019093605784,0.46964851519730094,1721
0.038499804589824535,0.46770988304220773,1722
-0.001901176198249388,0.49167103737985535,1723
0.028628569025257695,0.4667257546117275,1724
0.004984270182518351,0.4857151739989407,1725
0.039896075996888734,0.4903170794634163,1726
0.005216207998817257,0.49569955840539937,1727
-0.013307758946273927,0.4610479382932645,1728
-0.018364153090579725,0.4838025665095138,1729
0.024402728803066008,0.49451133975623773,1730
0.01331540627619609,0.48110713014054807,1731
0.031301978411487304,0.5030083666825004,1732
0.024203368647323843,0.47217698892404464,1733
0.04278032958188836,0.48571172309611343,1734
-0.008199446989407456,0.48405325654806697,1735
-0.004282695476811114,0.5138588879873601,1736
0.008225453741777375,0.46152639821964475,1737
0.006661928327613544,0.4728154379630686,1738
0.027908875547336072,0.4974702993053269,1739
0.025020427309914803,0.47015167839835675,1740
0.023383825040494754,0.484609298573364,1741
0.05814543542862669,0.47448837770150665,1742
0.014788816663967936,0.48875644757740316,1743
0.025197696517865912,0.4950102218219774,1744
-0.002891104175338043,0.49957955236089385,1745
-0.0031327452502679324,0.48311146115019193,1746
0.043658980209162764,0.48200156939535793,1747
0.029058176998267543,0.5101925935759799,1748
-0.010175120382466485,0.4808158785872759,1749
0.02582748722738639,0.48504329708622107,1750
0.009257837536953122,0.48379895787498173,1751
0.042370824828297377,0.4633411636597748,1752
0.01958348461309866,0.46820440955211085,1753
0.02381524257038381,0.5010737877365491,1754
0.033059745928065924,0.4889866879897666,1755
0.012833259523350713,0.4879801412520655,1756
0.004791367166614241,0.4844894233476304,1757
-0.02075359614116892,0.5053232081490111,1758
0.045765981776038286,0.476224024933317,1759
0.03220754667974703,0.516898703645155,1760
0.018067946950320622,0.49137248380956805,1761
-0.00396582580263093,0.48135140603446014,1762
0.0016899934403242405,0.4841662001373322,1763
0.003543578867201932,0.4967955838645077,1764
0.024623609760080323,0.4730704532450659,1765
0.03540413741207628,0.47681535819164095,1766
0.02502841267948521,0.4753496781556773,1767
0.045971563347874396,0.4592271012977408,1768
0.010213839015660926,0.4728546174149582,1769
0.00806121671400726,0.5067065177742358,1770
0.0023035188542885983,0.466476937407169,1771
0.018968173474178174,0.4838537171940146,1772
-0.009770312324722728,0.5009452469888361,1773
0.03676855431982643,0.48556250071848106,1774
3.408244620678653e-4,0.4582490889126689,1775
0.0017245437871020615,0.4865940074135785,1776
0.03853891714833714,0.4830649944815475,1777
0.025237455443344207,0.5193568524220767,1778
0.044029058265498536,0.49685575457077363,1779
0.016545502905822185,0.49044232567175305,1780
0.006372099088312686,0.45759556702277027,1781
0.007494674029492287,0.5053861236898276,1782
0.014260372282761632,0.4749349724464295,1783
0.04197294040869027,0.47302770978241143,1784
0.009066591577582236,0.4860072901907717,1785
0.047371872307781615,0.46961213678626756,1786
0.029134783100023477,0.47527932144139934,1787
-0.011538570898417632,0.4982372376318461,1788
0.003224540179385488,0.490585273051535,1789
-0.0020253514828032734,0.4977642461965437,1790
0.017464836728722222,0.4598908407839522,1791
0.012409492796428305,0.49741626410195167,1792
0.026172055423051187,0.509747365220005,1793
-0.0019901331840925665,0.4865514435862035,1794
0.03288655540079344,0.4852784920927972,1795
0.06915678275646839,0.4909841060837497,1796
0.0069275131062578234,0.47837970446203604,1797
0.019595076511355097,0.48476186538308236,1798
0.03852355655032217,0.47312844215792593,1799
0.03697200790964394,0.4826414036367314,1800
0.042963735526143486,0.5164746358963564,1801
0.01777893785715582,0.4833795314207012,1802
-0.007976374511147464,0.48678832698557245,1803
0.015467512731350034,0.49683882219695125,1804
0.06081177478128089,0.4959055286723715,1805
0.040530691133097305,0.48944203192542896,1806
0.014949175945414336,0.4763416153884562,1807
0.01537942302879003,0.5121851980595177,1808
0.03608762551401673,0.5117307476759899,1809
-0.016049376255486993,0.49897298859842265,1810
0.017645950274083787,0.4872510802311546,1811
0.012118972510160963,0.5036320097852955,1812
0.06304669469113489,0.5116901552479662,1813
0.03440177082704554,0.48320305273670766,1814
0.017192699734934085,0.46800939769322397,1815
0.031304178002324476,0.49728242899937897,1816
0.025570287832739593,0.4947793694360414,1817
0.010209373826840968,0.4896118041751647,1818
0.03713024920469609,0.501138026188586,1819
0.016908800026749042,0.4979045184671438,1820
0.03205678014641414,0.5174808030592692,1821
0.011205281791916988,0.4852063252636875,1822
0.010557907005914661,0.48687684133388154,1823
0.010825203584782736,0.4564285838332147,1824
0.021765361234154908,0.48485643331352557,1825
0.03936550816908333,0.4993232493537586,1826
0.02050045399192187,0.5063518856243588,1827
0.03005306756453644,0.47630555163182403,1828
0.015846064578403866,0.5044246265292045,1829
-0.008370169647769416,0.49053140044291027,1830
0.020243831547009677,0.4822739041631811,1831
0.010382266407841814,0.5069653639890371,1832
0.014102517236259248,0.5000901119074286,1833
0.027234384443344344,0.49345958450848365,1834
-0.015111700446364756,0.491464243699987,1835
0.052110970858115294,0.5042534876494765,1836
0.03921593709359214,0.4984425913964099,1837
0.03321777493663966,0.4570327135349453,1838
0.04118913834984315,0.5153836742139459,1839
0.01878081116106107,0.4810175115606165,1840
0.011526021735062168,0.4655547488580362,1841
0.030635393143602065,0.4971064749421444,1842
0.007595208755611619,0.48036359532351636,1843
-0.004763890588516137,0.466306925236399,1844
0.014195817226609791,0.5089631877520747,1845
0.04116992759243907,0.49644618062061896,1846
-0.003092456806061404,0.4980850218458781,1847
0.040771020440541414,0.49153887972075067,1848
-0.018654084005114733,0.4816940454940681,1849
0.032919404059976065,0.4870867436177417,1850
0.02174083641637718,0.4687247210019062,1851
0.021131904259530775,0.470281273817052,1852
0.043106524892688444,0.5022023232669602,1853
0.02590008792473355,0.5068115867355272,1854
0.030968628345197445,0.45371470844723977,1855
-0.0047439384237888595,0.49003211340134095,1856
0.05409116469613529,0.4989591643138711,1857
0.012437020640122913,0.49063077516184495,1858
-0.02183254607474715,0.4785008171703646,1859
4.884760547728025e-4,0.4631862812652354,1860
0.01732027199411727,0.5131559746676361,1861
0.03971083094890645,0.48850080869251455,1862
0.03484662740838835,0.48599313563594204,1863
0.008411646685875653,0.4755246659511709,1864
0.03517839848526418,0.4811952704606949,1865
0.019544491130887076,0.4954023711280762,1866
0.02342465373158167,0.5003942340404993,1867
0.02172611660522604,0.46362358541601417,1868
-0.012597287972494667,0.4684604794983152,1869
0.015624353674787797,0.5053659612496181,1870
0.01698130289938077,0.4826333621635456,1871
-0.004028401358092014,0.4888980320259138,1872
0.03632956855409622,0.5020330573466496,1873
0.031722621180211075,0.4655413835102047,1874
0.007417160883993223,0.4911701366191147,1875
0.020901275289063825,0.46852856690750244,1876
-0.016544388558871855,0.5049372526208017,1877
0.03857746489844121,0.48826183529503675,1878
-0.0018114263677751772,0.4759866113785283,1879
0.009477336365424997,0.4754687266522648,1880
0.05445844167093951,0.47632787105279045,1881
0.019992839182119453,0.48327797815105067,1882
0.05049655711361003,0.4888724164004693,1883
0.021462216713204613,0.5104282562720794,1884
-0.012573062637538844,0.4941202394585297,1885
-0.002476812614895047,0.48183549032597267,1886
0.013286981098614349,0.4666039774750775,1887
8.683248606847944e-4,0.4860318522283856,1888
0.005931512357658391,0.5094179637635753,1889
0.004329110098923714,0.5004724470753845,1890
0.018941310587396787,0.4769604128826747,1891
0.016891847734348236,0.48737728504183225,1892
0.010972380524176633,0.5140480330089005,1893
-0.0028808903884521954,0.46314570153737805,1894
0.020916247925998572,0.4883403612811462,1895
0.0301294028739496,0.49698744117850857,1896
-0.00892484401150044,0.4997039085952312,1897
-0.01015789548873708,0.47364017379834195,1898
0.002829851118703126,0.5194163580468693,1899
0.004150913979914487,0.4873889038701656,1900
0.021931872892610532,0.5038332222937886,1901
0.046121293832063426,0.4638748511175107,1902
-0.030006662791695858,0.4425643871746885,1903
0.04536942808596554,0.46649855852605765,1904
0.006081936134849438,0.49318587305844197,1905
0.030300512137555722,0.5212965126739779,1906
0.03142824240777774,0.4758745931721375,1907
0.012017899890678432,0.4865884399331472,1908
0.02179839126254078,0.47422372646064326,1909
-0.007161154606004828,0.5099567809770453,1910
0.009143149933597244,0.4758414668165909,1911
0.009419302998792588,0.4889847192434486,1912
0.005504892214712271,0.4649506287462655,1913
0.04957270727231613,0.5065444014751725,1914
0.00998796022037365,0.5033915535089721,1915
0.023721504450084092,0.4963821801110174,1916
0.03571684170969826,0.49279276458001553,1917
-0.007947098258525867,0.49522085600676735,1918
0.014022337842898382,0.5182585767510405,1919
0.0297726473944328,0.5083060568685474,1920
-0.011297219578155973,0.49325308043045146,1921
-0.004419854181079061,0.4745093627951907,1922
0.005825982327826004,0.5135922710362251,1923
0.04026648201417176,0.5061022290683381,1924
0.010233954086347103,0.4603666266669701,1925
0.02579852914573236,0.4615261101986842,1926
0.026774640785691105,0.496164569237796,1927
0.005455685293542399,0.4718956253311157,1928
-0.0052091479136954,0.474053569231111,1929
0.028742269098281537,0.5015692318735078,1930
0.021633519096895808,0.49374014073495925,1931
0.013824386456794156,0.4739540314776634,1932
0.034724980690970984,0.5029785598415065,1933
0.024455993269915773,0.50101317792607,1934
0.03125255124615531,0.47656985978240374,1935
0.03564679775982723,0.4915794521545419,1936
0.013250057149146035,0.4608117496862205,1937
0.006572266458223164,0.49133486736916787,1938
0.02690910200651811,0.5051497228339659,1939
0.04629595689571492,0.47048960555219066,1940
-0.007611754292145976,0.47843437775470654,1941
0.025283527174954527,0.4750114597268561,1942
0.037714165372347376,0.4950449477669203,1943
0.006888209440624259,0.5066952900956792,1944
0.021935197486813055,0.48165187755104266,1945
0.023202980619543703,0.47740856266924037,1946
-0.012479385720517901,0.49433272718180876,1947
0.02034978044714924,0.47708196594073976,1948
0.015449569346900107,0.5052742306623746,1949
0.030013439911752697,0.482692515903689,1950
0.027603981897788094,0.4693734574957148,1951
0.020999787856916897,0.4880736993310451,1952
0.02523085193168153,0.4979332837770625,1953
0.02968257550979528,0.5040591271793566,1954
-0.009738559252944708,0.49451222872185846,1955
0.02588258845531659,0.48577886359864264,1956
-0.01458774129001331,0.4902557838708729,1957
0.027084207391841687,0.4797429697647364,1958
0.020558876263563425,0.49972409801327017,1959
0.024642086485294114,0.4861173788763277,1960
0.038837872537315896,0.4929619511943092,1961
0.024266991540332877,0.49467017963124826,1962
0.011107546460374422,0.4978099553982545,1963
0.01835486781577821,0.47717407518549543,1964
0.05344865573824088,0.4758430062460339,1965
0.03522730604781135,0.5109362099935616,1966
0.005067402802207055,0.47824593061771675,1967
-0.016837779176856225,0.5054685520430618,1968
0.029764629731026643,0.5125166502952198,1969
0.055642348346271686,0.48188929108987427,1970
0.0519186543675758,0.4786389398438101,1971
0.031701540025354344,0.48270762386880134,1972
0.02304245754656763,0.46303301735614233,1973
0.027151428601076305,0.4837181852010124,1974
0.03141739310746843,0.4909344709932314,1975
0.010541304679918907,0.503416276652616,1976
-0.0030332366666567766,0.4975396714511204,1977
0.034451392477254886,0.4826552652947097,1978
0.023088200505001863,0.4788588059625833,1979
0.014348151540122698,0.47758655433666253,1980
0.00788836407800655,0.4958596062576567,1981
0.05243311247185723,0.50355744695856,1982
0.01688162740212132,0.4931403984042211,1983
0.026801270376065927,0.4966403692157869,1984
0.03491718620155953,0.49319974856824417,1985
0.051402793371418246,0.5156330127906174,1986
0.0069337616207349375,0.5109871646237643,1987
0.018359563676268533,0.49640880170384344,1988
0.01342829575785658,0.5038563727522339,1989
-0.011373354695145095,0.5000741646626393,1990
0.04351717032460948,0.4863204254218849,1991
-0.00198976145916337,0.4989296105289973,1992
-0.022724666235896977,0.4867093267150519,1993
0.0068196850428152225,0.48453538307801186,1994
0.038025732767389575,0.5138836415721538,1995
-0.018935884827620937,0.5039858944804212,1996
0.034991731070825136,0.4901309205545437,1997
0.037877862517579866,0.475923291791999,1998
0.016414426003967968,0.47774000138837114,1999
0.022321618956959534,0.46668319955791826,2000
